,id
#,0
号,1
实时,2
测试,3
塞,4
赫,5
None,6
,7
"
",8
一起,9
卫视,10
在,11
年,12
浙江,13
爱,14
跨,15
2021,16
你,17
说,18
什么,19
今年,20
是,21
牛,22
如意,23
牛年,24
呀,25
起来,26
拍,27
最,28
自,29
有,30
真好,31
外,32
惊喜,33
鹅,34
世界,35
元气,36
日常,37
星,38
的,39
看见,40
豆,41
海信,42
游戏,43
电视,44
社,45
福,46
粒,47
青春,48
互联,49
互联网,50
联网,51
IP,52
入驻,53
北京,54
影城,55
环球,56
腾讯,57
 ,58
中国,59
好,60
更,61
洽,62
一位,63
不,64
啥,65
回家,66
对,67
想,68
感谢,69
每,70
点,71
爸妈,72
过年,73
京东,74
值得,75
券,76
干杯,77
年值,78
日,79
理由,80
美酒,81
酒神,82
857,83
爱情,84
77,85
大象,86
树下,87
椰子,88
椰子树,89
搞笑,90
乐趣,91
养,92
女孩,93
女孩子,94
孩子,95
狗,96
48h,97
个,98
京胡,99
住,100
家,101
小院,102
改,103
智,104
智能,105
胡同,106
您,107
脸,108
请,109
赏,110
郭,111
麒麟,112
把,113
送回,114
好运,115
好运来,116
蔻,117
麦,118
喝醉,119
喝醉酒,120
尴尬,121
瞬间,122
醉酒,123
哭,124
境界,125
戏,126
最高,127
论,128
大年,129
宠,130
过大年,131
Ta,132
了,133
到,134
沈,135
电,136
腾,137
被,138
之,139
心,140
所向,141
王家,142
王家卫,143
大显,144
大牌,145
小,146
敏感,147
新年,148
无惧,149
显能,150
牌风,151
超市,152
风暴,153
，,154
_,155
吗,156
喊话,157
广播,158
广播剧,159
网,160
配,161
甜,162
言情,163
高,164
大,165
情人,166
情人节,167
打假,168
现场,169
行为,170
迷惑,171
恋爱,172
配音,173
[,174
],175
心念,176
话,177
超,178
魔王,179
cv,180
人鱼,181
小人,182
一刻,183
轻松,184
传,185
修仙,186
凡人,187
特别,188
特别篇,189
手机,190
摄影,191
丽,192
传媒,193
余年,194
发布,195
发布会,196
庆,197
影业,198
影视,199
文,200
新,201
电视剧,202
阅,203
秀,204
打烊,205
契约,206
食,207
开,208
锦鲤,209
情感,210
情感世界,211
博,212
季,213
微,214
感恩,215
为,216
命,217
拼过,218
湖北,219
谢谢,220
公开,221
公开课,222
开课,223
姿势,224
涨,225
科普,226
趣味,227
科技,228
科学,229
宇宙,230
一分,231
一分钟,232
分钟,233
作战,234
大作,235
一下,236
动物,237
动物园,238
孟菲斯,239
熊猫,240
菲斯,241
医保,242
大病,243
就是,244
vlog,245
匹,246
曹,247
诺,248
争霸,249
争霸赛,250
亲眼,251
吐,252
槽,253
母亲,254
眼中,255
老母,256
开方,257
打开,258
打开方式,259
摔,260
方式,261
正确,262
肩,263
过,264
京剧,265
儒,266
尼,267
李,268
杰,269
艾,270
诚,271
说唱,272
wifi,273
你家,274
别人,275
当,276
时,277
连,278
叫,279
哥哥,280
妲,281
子,282
己,283
抓,284
新野,285
更新,286
林,287
疯,288
野王,289
韬,290
黄,291
万物,292
拜年,293
沙雕,294
一半,295
借钱,296
另一半,297
向,298
怎么,299
怎么办,300
炫,301
豪宅,302
不同,303
关灯,304
各阶,305
阶段,306
上,307
五,308
人民,309
口罩,310
春晚,311
红,312
菱,313
拍照,314
美女,315
陪,316
事,317
害怕,318
签到,319
红包,320
领,321
很,322
我,323
招财,324
星座,325
专,326
享,327
礼,328
等级,329
406,330
新品,331
蓝,332
魅,333
出,334
周边,335
经理,336
菜,337
诺安,338
都,339
会,340
假如,341
界,342
一文,343
一文不值,344
不值,345
大扫除,346
扫除,347
面前,348
买,349
内裤,350
刘,351
宝,352
强,353
忘,354
昊,355
然,356
王,357
给,358
何,359
侦探,360
凳子,361
拿,362
明星,363
晨,364
炅,365
魏,366
关注,367
问题,368
包,369
单身,370
表情,371
2020,372
人,373
剪,374
可爱,375
多,376
大赛,377
混,378
热爱,379
热爱生活,380
生活,381
能,382
干嘛,383
这,384
人类,385
崽,386
幼,387
死,388
原因,389
发福,390
找到,391
大考,392
段子,393
一只,394
乌龟,395
开始,396
竟然,397
羡慕,398
X,399
图鉴,400
憨,401
计划,402
喊,403
奶奶,404
爷爷,405
爷爷奶奶,406
组队,407
团,408
开好,409
开好局,410
才,411
放烟,412
烟花,413
金牌,414
00,415
20,416
:,417
今晚,418
來,419
建春,420
留,421
福建,422
乘风,423
乘风破浪,424
姐姐,425
破浪,426
四川,427
天下,428
演唱,429
演唱会,430
花开,431
湖南,432
湖南卫视,433
2K,434
livehouse,435
吴克群,436
哈哈,437
唱歌,438
想去,439
打,440
看,441
跟,442
唱,443
嗨,444
综艺,445
转起,446
剧,447
发,448
专区,449
帖,450
文案,451
杂七杂八,452
热心,453
生编,454
答疑,455
编剧,456
网友,457
野生,458
基金,459
故事,460
背后,461
上天,462
张,463
机上,464
颜,465
飞机,466
齐,467
人间,468
指南,469
当代,470
棉袄,471
漏风,472
爸爸,473
上班,474
不想,475
吃成,476
大人,477
成大,478
模样,479
自己,480
城市,481
换,482
30,483
年前,484
搭,485
浙江人,486
穿,487
国人,488
外国,489
外国人,490
如何,491
汉语,492
逼,493
名,494
场面,495
大佬,496
撒,497
粮,498
相册,499
里,500
长辈,501
八卦,502
听到,503
回,504
最劲爆,505
村,506
外地,507
女婿,508
年时,509
统一,510
反向,511
带,512
货,513
disco,514
唐,515
宫,516
不要,517
千万,518
友生,519
女友,520
惹,521
生气,522
随便,523
各地,524
地方,525
好笑,526
广东,527
方言,528
丧,529
又,530
困,531
本人,532
每天,533
双,534
春节,535
期间,536
标,537
节期,538
滑出,539
滑雪,540
一天,541
伙食,542
狗狗,543
地铁,544
夹,545
衣服,546
铁门,547
原来,548
外卖,549
小哥,550
必应,551
有求,552
有求必应,553
真的,554
地,555
就,556
收获,557
杭州,558
花式,559
只,560
搞钱,561
单,562
早,563
玩,564
脱,565
这么,566
太,567
相亲,568
高兴,569
为了,570
拼,571
让,572
宅,573
技能,574
温暖,575
神技,576
不远,577
乡味,578
吃,579
家乡,580
必,581
香,582
做,583
大四,584
学生,585
志愿,586
志愿者,587
愿者,588
生过,589
不得,590
半个,591
寄过来,592
恨不得,593
过来,594
妈,595
年期,596
消遣,597
事业,598
假日,599
分开,600
和,601
感情,602
日暖,603
暖洋洋,604
洋洋,605
要,606
反,607
设计,608
适合,609
云,610
美好,611
上东,612
东北,613
北大,614
大爷,615
教育,616
遇上,617
骗子,618
兽,619
声控,620
局,621
V40,622
保值,623
定义,624
新定,625
荣耀,626
敬业,627
自由,628
之刃,629
列车,630
无限,631
灭,632
篇,633
鬼,634
lex,635
lexburner,636
澄清,637
演员,638
诞生,639
出新,640
新花,641
新花样,642
玩出,643
花样,644
二星,645
十二,646
打麻将,647
麻将,648
这样,649
最强,650
档,651
电影,652
贺岁,653
参加,654
姐,655
浪,656
超女,657
选秀,658
完,659
演,660
赋,661
阳,662
?,663
啤,664
圆,665
更好,666
满,667
生,668
等,669
纯,670
酒,671
重,672
国际,673
易,674
立,675
竞,676
章,677
采访,678
歌曲,679
爷,680
盘点,681
青,682
mv4K,683
修复,684
如果,685
姐妹,686
版,687
公主,688
用,689
画皮,690
白雪,691
白雪公主,692
乙方,693
体验,694
人物,695
年度,696
年度人物,697
咖,698
放肆,699
油腻,700
男,701
直,702
一切,703
与我无关,704
无关,705
热闹,706
亚洲,707
新歌,708
榜,709
世,710
勋,711
吴,712
好多,713
胖,714
乐队,715
散,716
默读,717
硕,718
钟,719
从,720
天降,721
庆祝,722
洗,723
耀,724
异性,725
异性恋,726
外貌,727
是否,728
焦虑,729
下,730
最美,731
花朵,732
镜头,733
仙女,734
味,735
祖宗,736
断,737
离,738
舍,739
希望,740
新颜,741
一个,742
目标,743
第一,744
第一个,745
变,746
变好,747
好看,748
瘦,749
美,750
24,751
不足,752
加快,753
地球,754
小时,755
已不,756
自转,757
一份,758
减肥,759
礼物,760
第一份,761
老,762
边,763
二月,764
多美,765
太多,766
后,767
容易,768
谈恋爱,769
长胖,770
不能,771
人生,772
日记,773
能解,774
解决,775
为何,776
整容,777
普遍,778
瘦身,779
越来,780
越来越,781
头里,782
番,783
角落,784
隐秘,785
不是,786
应该,787
梁,788
森,789
裤子,790
代表,791
峰,792
峻,793
所有,794
时代,795
李俊,796
濠,797
言论,798
3,799
再,800
凡尔,801
凡尔赛,802
天宇,803
导师,804
杜,805
疯狂,806
开播,807
最惨,808
海,809
清,810
甜蜜,811
角色,812
偶像,813
李宇春,814
力,815
抱,816
洲,817
男友,818
裴行俭,819
许,820
顶楼,821
乐死,822
哈士,823
哈士奇,824
安乐,825
安乐死,826
肾衰,827
肾衰竭,828
衰竭,829
娜,830
扎眼,831
眼神,832
虐,833
起,834
霓裳,835
风,836
白,837
神仙,838
玲珑,839
真相,840
神主,841
侯佩岑,842
俊,843
模式,844
相处,845
黄柏,846
弗斯,847
西西,848
吻,849
情,850
车窗,851
三反,852
交友,853
催,854
套路,855
婚,856
应对,857
教,858
斗,859
毒,860
罗,861
三,862
东,863
昊天,864
杀手,865
比比,866
蜘蛛,867
逼出,868
锤,869
GMAT,870
GRE,871
保,872
分,873
邻国,874
ii,875
笔记,876
i,877
。,878
体味,879
啦,880
态度,881
更糟,882
比,883
糟糕,884
错误,885
难闻,886
！,887
天黑,888
托福,889
11,890
便宜,891
坑,892
差钱,893
翻身,894
血,895
退,896
闲,897
鱼,898
OPPO,899
夜,900
奇幻,901
公益,902
公益行,903
校园,904
植,905
绿,906
领养,907
协,908
吉,909
周年,910
上火,911
火山,912
视频,913
南土,914
土味,915
天轮,916
已,917
摩天,918
摩天轮,919
河南,920
申请,921
遗,922
非,923
少年,924
广告,925
还原,926
产品,927
农产,928
农产品,929
挖,930
盒,931
盲,932
CG,933
将军,934
王者,935
现,936
真人,937
贺岁片,938
造型,939
猎奇,940
年底,941
打工,942
丹丹,943
宋丹丹,944
随叫随到,945
京,946
喜多,947
多多,948
谷粒,949
乒,950
前程,951
前程无忧,952
无忧,953
未来,954
祝,955
八年,956
十八,957
十八年,958
报销,959
账单,960
个人,961
每个,962
温柔,963
结束,964
死亡,965
现状,966
社会,967
社会性,968
美术,969
怪,970
鱼头,971
人工,972
人工智能,973
代人,974
当代人,975
祝福,976
种,977
除夕,978
写真,979
约,980
头条,981
西宁,982
南,983
文化,984
文化传媒,985
月,986
全世界,987
遍,988
自然,989
自然风,990
自然风光,991
风光,992
旅行,993
旅,994
美的,995
欣赏,996
美图,997
刷,998
时间,999
瞎,1000
长时间,1001
初三,1002
之后,1003
明日,1004
哪个,1005
觉得,1006
信,1007
包封,1008
封面,1009
Xperia,1010
索尼,1011
而,1012
速度,1013
复盘,1014
杀,1015
狼,1016
信口,1017
信口开河,1018
开河,1019
综合,1020
综合症,1021
圣诞,1022
惊艳,1023
zdf555,1024
吃货,1025
精髓,1026
动漫,1027
大头,1028
大头贴,1029
令,1030
侍,1031
初一,1032
年初,1033
年初一,1034
神,1035
FENDI2021,1036
场,1037
男装,1038
秋冬,1039
芬,1040
一,1041
漱,1042
Fendi,1043
FendiRoma,1044
代言,1045
代言人,1046
品牌,1047
昀,1048
皮具,1049
若,1050
写给,1051
出生,1052
活出,1053
艺术,1054
一张,1055
告别,1056
照片,1057
万国,1058
云霄,1059
冲,1060
品,1061
天,1062
奢,1063
淘宝,1064
猫,1065
直播,1066
公祭,1067
国家,1068
mahb,1069
先生,1070
时尚,1071
盛典,1072
GQ,1073
MOTY,1074
再见,1075
族,1076
狠狠,1077
今夕,1078
今夕何夕,1079
使命,1080
平凡,1081
战,1082
疫,1083
警察,1084
主唱,1085
亚,1086
宋,1087
王牌,1088
轩,1089
信用,1090
日行一善,1091
阳光,1092
拍摄,1093
播,1094
超级,1095
朱鹮,1096
绝美,1097
华晨,1098
宇,1099
我们,1100
南京,1101
学院,1102
庄,1103
放假,1104
晓,1105
灯泡,1106
来,1107
爽,1108
运转,1109
通关,1110
酸,1111
可能,1112
史,1113
最难,1114
高考,1115
假期,1116
得,1117
快,1118
感觉,1119
真实,1120
寄件人,1121
替,1122
送货,1123
也,1124
寄,1125
年货,1126
想到,1127
没想,1128
没想到,1129
亲戚,1130
走亲戚,1131
还,1132
一村,1133
中国区,1134
决定,1135
区块,1136
第一村,1137
链,1138
主任,1139
教导,1140
萌,1141
身高,1142
高差,1143
礼盒,1144
可以,1145
商家,1146
贴心,1147
人群,1148
全国,1149
名称,1150
国统,1151
家人,1152
地位,1153
宠物,1154
家庭,1155
有多强,1156
求生,1157
求生欲,1158
精致,1159
上车,1160
先,1161
前,1162
女儿,1163
妈妈,1164
消,1165
要求,1166
语录,1167
平台,1168
服务,1169
服务平台,1170
粉丝,1171
不错,1172
与,1173
决战,1174
十一,1175
双十,1176
老板,1177
采,1178
错过,1179
7senses,1180
琳,1181
陈,1182
无价,1183
丝,1184
家族,1185
芭,1186
能量,1187
冠,1188
肺炎,1189
75,1190
争胜,1191
战争,1192
抗日,1193
抗日战争,1194
胜利,1195
加油,1196
武汉,1197
情报,1198
情报站,1199
报站,1200
A9,1201
广州,1202
恒,1203
抢,1204
撑,1205
分类,1206
垃圾,1207
手帕,1208
缝制,1209
.,1210
100,1211
家谱,1212
影像,1213
梦想,1214
深圳,1215
特区,1216
足迹,1217
创意,1218
圈,1219
晚上,1220
梦见,1221
真理,1222
像,1223
年后,1224
极了,1225
过完,1226
名词,1227
新名词,1228
穷鬼,1229
区别,1230
财神,1231
迎,1232
接触,1233
无,1234
礼节,1235
社交,1236
保持,1237
努力,1238
214,1239
含义,1240
对象,1241
说情,1242
实录,1243
春节假期,1244
节假,1245
三十,1246
大年三十,1247
差点,1248
年三十,1249
消费,1250
状态,1251
逛,1252
大奖,1253
智利,1254
樱桃,1255
百万,1256
一般,1257
不一,1258
新春,1259
运,1260
集,1261
飞,1262
佳,1263
犇,1264
琦,1265
卡片,1266
背景,1267
业绩,1268
倍,1269
前女友,1270
前男友,1271
如,1272
挽回,1273
朋友,1274
男朋友,1275
怎,1276
看淡,1277
气氛,1278
组,1279
奇葩,1280
年画,1281
画贴,1282
贴纸,1283
出圈,1284
姓氏,1285
拯救,1286
花,1287
这个,1288
强壮,1289
不出,1290
听不出,1291
歌,1292
疾风,1293
纵有,1294
定,1295
赘婿,1296
兰德,1297
启,1298
抠门,1299
样子,1300
哈哈哈,1301
哈哈哈哈,1302
山上,1303
收官,1304
田,1305
金山,1306
雨,1307
大结局,1308
岁月,1309
流金,1310
流金岁月,1311
结局,1312
idoltube,1313
叶,1314
懂,1315
范金,1316
言,1317
谨,1318
金刚,1319
出嫁,1320
朱,1321
送,1322
锁,1323
划拳,1324
救,1325
减肥法,1326
法则,1327
4,1328
交流,1329
创,1330
国际交流,1331
大会,1332
三季,1333
第三,1334
第三季,1335
实体,1336
思,1337
钧,1338
首封,1339
声,1340
特优,1341
解压,1342
解解,1343
南台,1344
新人,1345
湖南台,1346
侯,1347
凯,1348
受欢迎,1349
对手,1350
对手戏,1351
明,1352
杨,1353
欢迎,1354
源,1355
生长,1356
花絮,1357
西装,1358
超越,1359
黑白,1360
亦,1361
作词,1362
佳作,1363
凡,1364
妍,1365
干,1366
最佳,1367
服装,1368
服装店,1369
熟练,1370
玲,1371
笑,1372
贾,1373
霏,1374
前面,1375
卓,1376
周,1377
工厂,1378
深,1379
英,1380
跳舞,1381
那,1382
金曲,1383
雕像,1384
干饭,1385
忙,1386
着,1387
站,1388
不易,1389
哪,1390
已经,1391
毛,1392
腿,1393
过去,1394
进去,1395
黄奕,1396
2,1397
业务,1398
予,1399
技术,1400
滚,1401
示范,1402
能力,1403
馨,1404
勉,1405
坤,1406
家长,1407
寸头,1408
影评,1409
接见,1410
火车,1411
直接,1412
车上,1413
马,1414
克,1415
姚,1416
小考,1417
晗,1418
璇,1419
腾房,1420
逸,1421
隽,1422
鹿,1423
黑洞,1424
传电,1425
写错,1426
名字,1427
大鹏,1428
宣传,1429
岳,1430
影写,1431
鹏,1432
主演,1433
以为,1434
全员,1435
扫,1436
扫地,1437
改名,1438
楼,1439
于,1440
助攻,1441
助攻王,1442
否认,1443
彤,1444
征友,1445
恋情,1446
铭,1447
famous,1448
之间,1449
们,1450
夸,1451
必须,1452
恋人,1453
我爱你,1454
梗,1455
老师,1456
造,1457
音乐,1458
央视,1459
式,1460
弹,1461
徐,1462
扎,1463
托车,1464
摩托,1465
摩托车,1466
舌,1467
蔡,1468
365,1469
宣传片,1470
探,1471
MV,1472
依兰,1473
爱情故事,1474
Rubia,1475
英文,1476
主,1477
位,1478
金,1479
靖,1480
一次,1481
墨迹,1482
天气,1483
景,1484
奥特,1485
奥特曼,1486
特曼,1487
铁粉,1488
从小,1489
土豪,1490
散发,1491
气质,1492
豪气,1493
111,1494
三百,1495
可望,1496
达,1497
121,1498
三个,1499
阿,1500
221,1501
分化,1502
大分,1503
阿苏,1504
记录,1505
富江,1506
川上,1507
今天,1508
Tbeauty,1509
haul,1510
shopping,1511
最近,1512
冬季,1513
停,1514
种草,1515
他,1516
失恋,1517
找,1518
糊弄,1519
气运,1520
联盟,1521
速,1522
改编,1523
帅,1524
打鼓,1525
桐,1526
胡,1527
快乐,1528
新年快乐,1529
celsius,1530
伟,1531
力士,1532
燃,1533
霆,1534
守护,1535
守护者,1536
森林,1537
驿站,1538
合伙,1539
合伙人,1540
潮流,1541
昕,1542
百威,1543
TommyHilfiger,1544
全球,1545
夫人,1546
斛,1547
珠,1548
冰红茶,1549
师傅,1550
康师傅,1551
红茶,1552
你好,1553
焕,1554
一节,1555
一节课,1556
最后,1557
记忆,1558
高三,1559
专业,1560
地下,1561
大学,1562
大学生,1563
恋,1564
来自,1565
场景,1566
对答,1567
答案,1568
考完试,1569
历史,1570
误解,1571
那些,1572
化学,1573
实验,1574
实验室,1575
浪漫,1576
一键,1577
学生证,1578
装,1579
中校,1580
校服,1581
高中,1582
不行,1583
医学,1584
医学生,1585
扎针,1586
水河,1587
清水,1588
清水河,1589
狠,1590
多才多艺,1591
不会,1592
消失,1593
物理,1594
理解,1595
解释,1596
挂,1597
期末,1598
科,1599
防,1600
学校,1601
生在,1602
书馆,1603
字典,1604
汉字,1605
宿舍,1606
对联,1607
变化,1608
四起,1609
起床,1610
撒欢,1611
雪,1612
书单,1613
口红,1614
色,1615
试,1616
正畸,1617
牙齿,1618
矫正,1619
化妆,1620
妆,1621
容,1622
教程,1623
新手,1624
voluspa,1625
蜡烛,1626
香熏,1627
手工,1628
香薰,1629
兴,1630
艺,1631
优,1632
出好,1633
嘭,1634
酷,1635
小事,1636
这件,1637
刺杀,1638
小说,1639
小说家,1640
集结,1641
预告,1642
事事,1643
养牛,1644
MYCALVINS,1645
先锋,1646
甜品,1647
苦短,1648
薛,1649
记,1650
谦,1651
还好,1652
仁,1653
助手,1654
百度,1655
liushang,1656
斐,1657
整,1658
洞,1659
硬核,1660
脑,1661
恐怖,1662
日本,1663
遇到,1664
优雅,1665
摔倒,1666
怼,1667
拥有,1668
光,1669
力量,1670
存在,1671
刘德华,1672
录制,1673
德华,1674
感,1675
毫无,1676
违,1677
中,1678
图片,1679
戳,1680
莫名,1681
低,1682
情商,1683
攻略,1684
羊毛,1685
薅,1686
不敢,1687
乱发,1688
再也,1689
发问,1690
问号,1691
东西,1692
轻易,1693
千手,1694
千手观音,1695
奖状,1696
小学,1697
小学生,1698
广西,1699
观音,1700
跳,1701
随意,1702
别,1703
祟,1704
铁站,1705
高铁,1706
鬼祟,1707
鬼鬼,1708
鬼鬼祟,1709
鬼鬼祟祟,1710
够味,1711
人手,1712
全攻,1713
全攻略,1714
工人,1715
建筑,1716
建筑工人,1717
手写,1718
狗血,1719
78yy,1720
fijh,1721
iftr,1722
蓝天,1723
飞行,1724
三十五,1725
十五,1726
士大夫,1727
大夫,1728
仍未,1729
漫天,1730
相约,1731
远,1732
黄叶,1733
英雄,1734
华,1735
沙,1736
牌,1737
冻雨,1738
长春,1739
DWG,1740
SN,1741
夺冠,1742
输,1743
Bin,1744
剑,1745
姬,1746
tma,1747
小林,1748
上有,1749
为什么,1750
体香,1751
女生,1752
生身,1753
身上,1754
程序,1755
程序员,1756
其实,1757
火,1758
突然,1759
卖,1760
帅哥,1761
梨,1762
烤,1763
遭,1764
开学,1765
乳业,1766
手臂,1767
枕,1768
生为,1769
男生,1770
桃花,1771
bilibili,1772
新浪,1773
新闻,1774
成都,1775
猫猫,1776
Lisa,1777
书,1778
加上,1779
欣,1780
虞,1781
缝纫,1782
缝纫机,1783
怀孕,1784
淳,1785
老婆,1786
剧照,1787
号手,1788
就位,1789
养不起,1790
李多海,1791
两,1792
坨,1793
太大,1794
宁静,1795
油光,1796
肌,1797
苹果,1798
二次,1799
二次元,1800
角,1801
选,1802
桶,1803
浴,1804
狼心,1805
驭,1806
鲛,1807
戚,1808
砚,1809
笛,1810
范,1811
錡,1812
支教,1813
赞,1814
为伍,1815
彼此,1816
卡,1817
财运,1818
鸿运,1819
0309,1820
其,1821
玧,1822
生日,1823
生日快乐,1824
闵,1825
作人,1826
制作,1827
天才,1828
高升,1829
台,1830
嘉宾,1831
文娱,1832
风云,1833
人气,1834
作品,1835
出海,1836
十大,1837
领跑,1838
领跑者,1839
音乐作品,1840
Live,1841
具,1842
舞台,1843
有情,1844
剧场,1845
小剧场,1846
老四,1847
团圆,1848
届,1849
北爱,1850
富,1851
玖,1852
动画,1853
哔,1854
哩,1855
分析,1856
手,1857
游,1858
终结,1859
终结者,1860
会员,1861
博会,1862
四周,1863
pick,1864
好身材,1865
身材,1866
三学,1867
多难,1868
当今,1869
昆明,1870
重庆,1871
员,1872
快递,1873
上门,1874
岗,1875
站长,1876
老人,1877
西安,1878
长上,1879
改造,1880
借口,1881
性,1882
拒绝,1883
支招,1884
沈阳,1885
躲,1886
魔,1887
万名,1888
不休,1889
休假,1890
百万名,1891
38,1892
7,1893
业务量,1894
亿,1895
仅,1896
件,1897
日均,1898
量,1899
围观,1900
引,1901
换装,1902
无人,1903
车,1904
哉,1905
拓,1906
村口,1907
么,1908
坏心,1909
心思,1910
房东,1911
饿,1912
厂长,1913
发红,1914
发红包,1915
大巴,1916
原地,1917
走红,1918
傅,1919
公式,1920
大片,1921
胶片,1922
菁,1923
夜饭,1924
年夜,1925
年夜饭,1926
大道,1927
妻,1928
武大,1929
玄武,1930
追,1931
逆,1932
邪,1933
：,1934
仪式,1935
离家,1936
功能,1937
唤醒,1938
时鲜,1939
顿时,1940
鲜活,1941
正经,1942
氛围,1943
经过,1944
支付,1945
支付宝,1946
倒计,1947
倒计时,1948
计时,1949
gmat,1950
gre,1951
雅思,1952
君,1953
肖,1954
h,1955
几天,1956
知道,1957
晒晒,1958
赚钱,1959
兑,1960
千金,1961
小猪,1962
打车,1963
出来,1964
抠,1965
只是,1966
员工,1967
国,1968
年轻,1969
年轻人,1970
漫,1971
粉,1972
车轮,1973
转,1974
琉璃,1975
召唤,1976
宝宝,1977
海绵,1978
有错,1979
秒,1980
CP,1981
人性,1982
厅,1983
壕,1984
应援,1985
无人性,1986
爆笑,1987
笑影,1988
儿子,1989
天儿,1990
聊,1991
(,1992
欢乐,1993
购车,1994
Mate40,1995
华为,1996
不知,1997
专项,1998
学会,1999
没有,2000
训练,2001
真话,2002
加密,2003
说话,2004
汪,2005
预言,2006
预言家,2007
周末,2008
祖,2009
运气,2010
父母,2011
熬夜,2012
南方,2013
南方人,2014
方人,2015
见到,2016
回来,2017
好处,2018
寒假,2019
放寒假,2020
没,2021
可怕,2022
平安,2023
平安夜,2024
度过,2025
友谊,2026
奇怪,2027
Reno5,2028
u,2029
太阳,2030
家暴,2031
屈,2032
楚,2033
萧,2034
瓶,2035
",",2036
普通,2037
普通人,2038
讨厌,2039
通人,2040
夜宴,2041
iOS,2042
客户,2043
客户端,2044
盘,2045
1212,2046
不信,2047
告诉,2048
好消息,2049
小狗,2050
年头,2051
来看,2052
消息,2053
牧场,2054
看看,2055
这年头,2056
骗,2057
侦察,2058
江,2059
X9,2060
vivo,2061
前置,2062
摄,2063
猫精,2064
精灵,2065
七天,2066
无理,2067
开工,2068
出口,2069
外烟,2070
烟,2071
爆,2072
孙,2073
楠,2074
重塑,2075
倡,2076
善待,2077
行者,2078
人潮,2079
影人,2080
汹涌,2081
22,2082
大话,2083
骰,2084
考验,2085
程度,2086
羊,2087
TA,2088
三代,2089
三代人,2090
抽奖,2091
川,2092
晚安,2093
雨水,2094
夜话,2095
大川,2096
悦,2097
水,2098
读,2099
锦,2100
分享,2101
时刻,2102
春天,2103
速递,2104
早安,2105
学业,2106
道学,2107
问道,2108
古代,2109
同年,2110
同年龄,2111
年龄,2112
知识,2113
称谓,2114
长,2115
！（,2116
关爱,2117
凤凰,2118
山,2119
社员,2120
转发,2121
友社,2122
翻唱,2123
关,2124
取,2125
姿态,2126
迪,2127
雅,2128
领航,2129
风范,2130
提神,2131
提神醒脑,2132
醒脑,2133
东直,2134
小年夜,2135
盒子,2136
福利,2137
秘籍,2138
400,2139
块,2140
150,2141
乌江,2142
榨菜,2143
alwaysonline,2144
偶人,2145
木偶,2146
木偶人,2147
潇,2148
翟,2149
闻,2150
接到,2151
通知,2152
化开,2153
袋,2154
遗文,2155
第一天,2156
假装,2157
朋友圈,2158
环游,2159
环游世界,2160
一场,2161
第一场,2162
尽头,2163
喜庆,2164
灯笼,2165
幸福,2166
晚会,2167
5,2168
多家,2169
折,2170
餐厅,2171
小心,2172
心机,2173
拿破仑,2174
花环,2175
草莓,2176
1122asd,2177
阴阳,2178
阴阳师,2179
cosmo360,2180
娱乐,2181
度,2182
毯,2183
颖,2184
安利,2185
清单,2186
创造,2187
营,2188
宥,2189
维,2190
认真,2191
发财,2192
大家,2193
盼,2194
姝,2195
册叶,2196
青峰,2197
丁,2198
搭配,2199
穿衣,2200
前行,2201
如有,2202
有神,2203
神助,2204
行路,2205
图书,2206
倡议,2207
盗,2208
心动,2209
怦然,2210
動,2211
官,2212
宣,2213
狂欢,2214
狂欢节,2215
向上,2216
天天,2217
天天向上,2218
赢,2219
夜大,2220
大明,2221
明白,2222
深夜,2223
一氧化碳,2224
化碳,2225
回应,2226
应急,2227
影院,2228
氧化,2229
氧化碳,2230
管理,2231
管理局,2232
超标,2233
兄弟,2234
兄弟姐妹,2235
假发,2236
喂,2237
女子,2238
扯掉,2239
景区,2240
猴,2241
拒,2242
男子,2243
表白,2244
逃逸,2245
打火,2246
打火机,2247
扔掉,2248
捂,2249
放炮,2250
火机,2251
炮,2252
耳朵,2253
为啥,2254
十多,2255
十多座,2256
发掘,2257
发现,2258
古墓,2259
古墓葬,2260
咸阳,2261
墓葬,2262
多座,2263
平均,2264
扎堆,2265
机场,2266
西平,2267
陕西,2268
宣判,2269
敲诈,2270
敲诈案,2271
波,2272
人身,2273
四,2274
坠,2275
河,2276
私家,2277
私家车,2278
身亡,2279
园,2280
方,2281
游客,2282
老虎,2283
致,2284
重摔,2285
钓,2286
鸡,2287
63,2288
急送,2289
电影院,2290
紧急,2291
送医,2292
美食,2293
不让,2294
走,2295
返程,2296
抗,2297
主调,2298
可,2299
学时,2300
自主,2301
调整,2302
高校,2303
拍摄地,2304
破,2305
票房,2306
考前,2307
小时候,2308
时候,2309
现在,2310
攒钱,2311
隐藏,2312
offer,2313
加油站,2314
加满,2315
变身,2316
精英,2317
职场,2318
该,2319
嘉年华,2320
年华,2321
梦幻,2322
西游,2323
哪家,2324
职业,2325
进,2326
中时,2327
元旦,2328
全班,2329
看法,2330
结婚,2331
郑渊洁,2332
看来,2333
还是,2334
重要,2335
钱,2336
甄子丹,2337
冬,2338
kpl,2339
无力,2340
三年,2341
不该,2342
年来,2343
第一次,2344
花钱,2345
该不该,2346
豆花,2347
青少,2348
青少年,2349
康,2350
摘星,2351
暗访,2352
臣,2353
阁,2354
顾,2355
内,2356
多特,2357
教授,2358
斯,2359
普教,2360
THE9,2361
烟熏,2362
薇,2363
马尾,2364
不应,2365
定位,2366
应不应该,2367
查对,2368
狐狸,2369
2019,2370
鸭,2371
俊杰,2372
秦,2373
Neo,2374
Olivia,2375
王子,2376
MIX,2377
小米,2378
律师,2379
要挟,2380
万能,2381
歌手,2382
腾格尔,2383
公寓,2384
蛋壳,2385
上海,2386
救助,2387
流浪,2388
海流,2389
安心,2390
心语,2391
共鸣,2392
妮,2393
孟,2394
屿,2395
推荐,2396
气死,2397
而已,2398
向前,2399
朝气,2400
在外,2401
感受,2402
幻,2403
窝,2404
花鸽,2405
鸽子,2406
669,2407
北方,2408
南北,2409
南北方,2410
公演,2411
第二,2412
第二次,2413
陌,2414
床单,2415
可期,2416
总,2417
期待,2418
猫和老鼠,2419
老鼠,2420
五福,2421
召唤术,2422
终极,2423
群殴,2424
回不去,2425
喜剧,2426
饭,2427
rap,2428
听,2429
谁,2430
账,2431
摆,2432
臭,2433
十周,2434
十周年,2435
基金会,2436
壹,2437
成立,2438
笑脸,2439
123,2440
123YI,2441
益盛,2442
筹,2443
雨后,2444
雷雨,2445
刘恺威,2446
孤独,2447
孤独感,2448
情绪,2449
中秋,2450
双节,2451
同庆,2452
国庆,2453
35,2454
绿化,2455
滤镜,2456
安慰,2457
容祖儿,2458
英王,2459
鸥,2460
曾,2461
瘦成,2462
闪电,2463
10,2464
绮,2465
全职,2466
办,2467
寂寞,2468
年薪,2469
烈,2470
觉醒,2471
wink,2472
发起,2473
发起人,2474
成员,2475
泽,2476
空,2477
郑,2478
锋,2479
隔,2480
震,2481
卧谈,2482
团团,2483
抗美援朝,2484
朝,2485
漫画,2486
美援,2487
致敬,2488
长津湖,2489
感动,2490
颁奖,2491
颁奖词,2492
三号,2493
他用,2494
北斗,2495
卫星,2496
梦,2497
照亮,2498
初七,2499
新乡,2500
动,2501
好生,2502
托福考,2503
托福考试,2504
考试,2505
sat,2506
OIETC#,2507
postmalone,2508
外语,2509
群英,2510
群英会,2511
少女,2512
美少女,2513
衣橱,2514
巴西,2515
四年,2516
质,2517
自制,2518
意,2519
煮,2520
简单,2521
厨艺,2522
做菜,2523
课堂,2524
味道,2525
初,2526
学员,2527
好时光,2528
座右铭,2529
时光,2530
赴,2531
定格,2532
照,2533
写,2534
春联,2535
制服,2536
亮相,2537
春日,2538
上岛,2539
打包,2540
岛,2541
登,2542
暖,2543
行走,2544
日星,2545
每日,2546
随,2547
人脸,2548
人脸识别,2549
寝室,2550
楼下,2551
识别,2552
Soul,2553
玩坏,2554
一梦,2555
专属,2556
侠,2557
少,2558
Life,2559
【,2560
】,2561
少林,2562
少林足球,2563
滑倒,2564
率,2565
百分,2566
百分之,2567
百分之百,2568
裡,2569
試,2570
說,2571
谷,2572
足球,2573
踩到,2574
阿莫,2575
香蕉,2576
香蕉皮,2577
高跟鞋,2578
62,2579
不好,2580
到底,2581
加,2582
命中,2583
好不好,2584
打手,2585
槍,2586
跑得快,2587
還,2588
郜,2589
？,2590
吴宇森,2591
川流,2592
新片,2593
解说,2594
情感话题,2595
话题,2596
奇妙,2597
金鸡,2598
金鸡奖,2599
侦,2600
助理,2601
理发,2602
加速,2603
摇,2604
三观,2605
事情,2606
毁,2607
组过,2608
这些,2609
浓,2610
澳门,2611
海外,2612
yoo,2613
乡,2614
处,2615
心安,2616
此,2617
诶,2618
～,2619
圈外,2620
圈外人,2621
外人,2622
初五,2623
提问,2624
问名,2625
春事,2626
上映,2627
大年初一,2628
部,2629
一千,2630
一千万,2631
一辈,2632
一辈子,2633
够花,2634
辈子,2635
怕,2636
在家,2637
小红花,2638
录,2639
止疼,2640
止疼药,2641
红花,2642
英俊,2643
赵英俊,2644
发出,2645
录音,2646
继续,2647
语音,2648
哄,2649
女朋友,2650
开心,2651
锦囊,2652
心中,2653
理想,2654
哥,2655
暴,2656
了解,2657
渣,2658
堡垒,2659
抢镜头,2660
眼睛,2661
着眼,2662
睁,2663
瞎话,2664
说瞎话,2665
剧情,2666
见,2667
雷,2668
思维,2669
跳跃,2670
最怕,2671
冬天,2672
出家,2673
图,2674
看出,2675
公司,2676
思念,2677
有人,2678
美甲,2679
翻车,2680
对话,2681
慈子孝,2682
母慈子,2683
母慈子孝,2684
撞,2685
衫,2686
幸运,2687
数字,2688
运数,2689
敷衍,2690
多二,2691
处女,2692
处女座,2693
橘子,2694
keep,2695
嘿,2696
扣钱,2697
脂,2698
谐音,2699
收到,2700
暗示,2701
5G,2702
创新,2703
应用,2704
新联,2705
我行,2706
极速,2707
入伍,2708
特,2709
周杰伦,2710
一种,2711
傻瓜,2712
证件,2713
证件照,2714
医生,2715
青年,2716
指数,2717
排行,2718
排行榜,2719
政务,2720
数排,2721
停火,2722
铁轨,2723
去世,2724
高仓健,2725
德拉,2726
德拉诺,2727
拉诺,2728
2015,2729
日历,2730
春运,2731
购票,2732
玉,2733
酱,2734
6,2735
心声,2736
精选,2737
冻结,2738
解封,2739
马上,2740
编码,2741
345,2742
下雪,2743
随风,2744
B,2745
YEAH,2746
唯,2747
首唱,2748
共享,2749
出行,2750
单车,2751
文明,2752
《,2753
》,2754
凛,2755
"""",2756
"""，",2757
”,2758
久仰,2759
亲眼目睹,2760
凡响,2761
大名,2762
昨日,2763
目睹,2764
眼目,2765
质粒,2766
非同,2767
非同凡响,2768
风波,2769
，“,2770
娜娜,2771
欧阳,2772
LV,2773
VOLT,2774
履,2775
I,2776
SEE,2777
WHEN,2778
YOU,2779
合奏,2780
奇遇,2781
春风,2782
望,2783
EP,2784
三部,2785
三部曲,2786
中文,2787
原创,2788
首张,2789
夜晚,2790
阵容,2791
Vlog,2792
戏剧,2793
新生,2794
石,2795
竹,2796
蜻蜓,2797
庆春,2798
nznd,2799
顶牛,2800
点亮,2801
知识点,2802
压岁,2803
压岁钱,2804
炸,2805
1,2806
21,2807
万,2808
每分钟,2809
冯,2810
喜,2811
巩,2812
提,2813
新车,2814
越,2815
越发,2816
同心,2817
开绿灯,2818
畅,2819
绿灯,2820
饺子,2821
互,2822
遇,2823
健康,2824
K,2825
全民,2826
·,2827
她,2828
屋,2829
社区,2830
虚拟,2831
作文,2832
六级,2833
A,2834
御,2835
六一,2836
夏天,2837
悄悄,2838
悄悄话,2839
の,2840
个子,2841
小个子,2842
上头,2843
光临,2844
贵客,2845
憋死,2846
一杯,2847
分分,2848
分好,2849
抢红包,2850
永远,2851
60s,2852
穷,2853
手快,2854
一口,2855
一口气,2856
千,2857
口令,2858
口气,2859
烊,2860
玺,2861
绕口令,2862
难,2863
压力,2864
奇兵,2865
放置,2866
新姿,2867
gai,2868
合作,2869
唐僧,2870
好羡慕,2871
游记,2872
西游记,2873
真正,2874
新年礼物,2875
气,2876
作业,2877
抄,2878
学,2879
玩游,2880
玩游戏,2881
霸,2882
差,2883
福字,2884
集齐,2885
必得,2886
哪吒,2887
孙悟空,2888
悟空,2889
重生,2890
自在,2891
阅读,2892
转行,2893
合成,2894
大西,2895
西瓜,2896
VaVa,2897
传统,2898
挺,2899
全城,2900
缉,2901
魂,2902
留声机,2903
市场,2904
图书馆,2905
爱心,2906
免费,2907
午餐,2908
因,2909
聚合,2910
尘,2911
天台,2912
热血,2913
初春,2914
春心,2915
涂鸦,2916
介绍,2917
自我,2918
自我介绍,2919
初印,2920
印象,2921
纸,2922
12,2923
8,2924
新书,2925
晚,2926
玄,2927
晒,2928
联大,2929
推送,2930
总结,2931
画,2932
恶魔,2933
睏,2934
同辈,2935
实是,2936
小栗旬,2937
查询,2938
欧,2939
点播,2940
超前,2941
去,2942
紫,2943
跟着,2944
819,2945
吃火锅,2946
火锅,2947
1988,2948
回答,2949
珍珠,2950
长大,2951
丞,2952
帮,2953
浩,2954
荣,2955
追星,2956
滢,2957
漂亮,2958
皓,2959
十,2960
史前,2961
影,2962
瑜,2963
者,2964
起诉,2965
造谣,2966
黄景,2967
受害,2968
受害人,2969
害人,2970
广,2971
谢,2972
声明,2973
工作,2974
工作室,2975
瀚,2976
桃花运,2977
纹身,2978
styleofmichella,2979
Michella,2980
Plog,2981
’,2982
一年,2983
畜,2984
几斤,2985
大妈,2986
需要,2987
异地,2988
云表,2989
动态,2990
呆,2991
善良,2992
死神,2993
呼吸,2994
画面,2995
女团,2996
舞,2997
玮,2998
筱,2999
finoallafine,3000
coppaitalia,3001
派对,3002
红人,3003
节,3004
荣誉,3005
生活态度,3006
S21,3007
三星,3008
视,3009
咖啡,3010
小鹿,3011
幸,3012
瑞,3013
茶,3014
五指,3015
五指山,3016
屎,3017
逃不出,3018
铲,3019
v,3020
新星,3021
轰轰,3022
重启,3023
圣,3024
寻找,3025
身边,3026
势力,3027
元宵,3028
元宵节,3029
吓人,3030
花灯,3031
喜欢,3032
新衣,3033
友道,3034
嘴,3035
小朋友,3036
道歉,3037
多重,3038
脑袋,3039
传中,3040
最重,3041
舒肤佳,3042
节前,3043
LPN,3044
乳,3045
抗力,3046
抵抗,3047
抵抗力,3048
桥,3049
激发,3050
蛋白,3051
坎坷,3052
成长,3053
没经,3054
经历,3055
妹妹,3056
孙女,3057
一年级,3058
年级,3059
期末考,3060
期末考试,3061
合唱,3062
合唱团,3063
彩虹,3064
跑,3065
路,3066
劫,3067
打针,3068
难逃,3069
呢,3070
坏心眼,3071
心眼,3072
公务,3073
公务员,3074
省,3075
考,3076
减,3077
在乎,3078
剧组,3079
避风,3080
避风港,3081
姜,3082
律,3083
亿元,3084
呼吁,3085
影票,3086
电影票,3087
电影票房,3088
节电,3089
透,3090
黄晓明,3091
生病,3092
同台,3093
赖,3094
彦,3095
公公,3096
荷,3097
躺,3098
吃到,3099
家常,3100
家常菜,3101
有钱,3102
难吃,3103
大陆,3104
豆瓣,3105
批评,3106
指正,3107
接受,3108
姗姗,3109
袁姗姗,3110
俪,3111
送给,3112
邓,3113
八字,3114
批,3115
简,3116
益生菌,3117
早教,3118
辅,3119
奶粉,3120
纸尿裤,3121
打扰,3122
打扰到,3123
英语,3124
谭,3125
假,3126
小风,3127
猎人,3128
束腰,3129
柯,3130
皮,3131
陆,3132
风衣,3133
黑色,3134
待,3135
映,3136
娅,3137
寒,3138
尤,3139
韩,3140
佳人,3141
崩溃,3142
带病,3143
抢救,3144
昂,3145
焦,3146
病人,3147
黑带,3148
令人,3149
美景,3150
身临,3151
身临其境,3152
刁,3153
熟人,3154
顺子,3155
人员,3156
友,3157
多名,3158
将,3159
探险,3160
救援,3161
溶洞,3162
私,3163
移出,3164
被困,3165
贵州,3166
转移,3167
闯,3168
驴,3169
直播间,3170
暴走,3171
聊天,3172
聊天室,3173
吸,3174
什么样,3175
赌,3176
短句,3177
这里,3178
造句,3179
愿意,3180
星光,3181
拍电影,3182
灌篮,3183
灌篮高手,3184
高手,3185
333,3186
小草,3187
确,3188
佟,3189
任,3190
豪,3191
之下,3192
彬彬,3193
热巴,3194
不可,3195
不可思议,3196
思议,3197
暗恋,3198
橘,3199
淮南,3200
打架,3201
表,3202
送礼,3203
前后,3204
差别,3205
giao,3206
你们,3207
啊,3208
恶,3209
评,3210
为准,3211
准备,3212
操,3213
碎了心,3214
有备,3215
有备无患,3216
练起,3217
练起来,3218
唠,3219
官方,3220
炕,3221
秒杀,3222
势,3223
潮,3224
骏,3225
rua,3226
尹,3227
正,3228
看起,3229
看起来,3230
金乌,3231
人家,3232
大户,3233
大户人家,3234
大全,3235
不容,3236
喷,3237
人学,3238
喵,3239
欺负,3240
现实,3241
痛苦,3242
面具,3243
多少,3244
一样,3245
葫芦,3246
葫芦娃,3247
博里,3248
二代,3249
兰,3250
小黑,3251
稳,3252
第二代,3253
一块,3254
德芙,3255
成团,3256
春游,3257
游园,3258
游园会,3259
Burberry,3260
春,3261
由,3262
古,3263
国风,3264
玫瑰,3265
限定,3266
限定版,3267
农,3268
冬雨,3269
开业,3270
享有,3271
沃,3272
没了,3273
点券,3274
FAN,3275
双胞,3276
双胞胎,3277
好像,3278
润泽,3279
胞胎,3280
导盲犬,3281
苦,3282
退役,3283
少将,3284
李白,3285
醋,3286
国画,3287
红腹锦鸡,3288
美得,3289
觅食,3290
锦鸡,3291
委屈,3292
猫咪,3293
垃圾桶,3294
翻,3295
防止,3296
黏人,3297
傻,3298
治愈,3299
笑容,3300
叫做,3301
小海,3302
海豹,3303
脂肪,3304
被叫,3305
陛下,3306
冬日,3307
太白,3308
太白山,3309
山景,3310
岁,3311
现身,3312
白山,3313
羚牛,3314
爱看,3315
看热闹,3316
兔子,3317
大熊,3318
大熊猫,3319
狗子,3320
球,3321
貌似,3322
一模一样,3323
画像,3324
走失,3325
一同,3326
代替,3327
以,3328
购买,3329
家父,3330
父女,3331
父女情,3332
特辑,3333
所,3334
究,3335
顿,3336
岚,3337
指路,3338
日出,3339
海边,3340
玩手,3341
砸伤,3342
迅,3343
鼻梁,3344
体,3345
欢,3346
皆,3347
醉,3348
UP,3349
百大,3350
R1SE,3351
嘉,3352
墨国,3353
水墨,3354
相互,3355
祺,3356
缺席,3357
鼓励,3358
痘,3359
银,3360
人理,3361
催青,3362
没人,3363
锤子,3364
101,3365
Amber,3366
搜,3367
李慧珍,3368
条,3369
热,3370
痛斥,3371
硬糖,3372
节目,3373
节目组,3374
芳,3375
语,3376
辣,3377
巴比,3378
玟,3379
笼,3380
事故,3381
安排,3382
星河,3383
茫茫,3384
原型,3385
吕,3386
尔,3387
山海,3388
得到,3389
演技,3390
觉,3391
认可,3392
发文,3393
哈,3394
文告,3395
秃,3396
貂,3397
镜,3398
baby,3399
娱,3400
奖,3401
影响,3402
影响力,3403
获,3404
关系,3405
安好,3406
洛,3407
舌头,3408
谈,3409
长安,3410
回首,3411
暮,3412
眼前,3413
夜幕,3414
霓虹,3415
姑娘,3416
妹,3417
天都,3418
很快,3419
幸福快乐,3420
源泉,3421
升起,3422
早晨,3423
小甜甜,3424
甜甜,3425
荷尔,3426
荷尔蒙,3427
名为,3428
艳,3429
青楼,3430
北人,3431
头套,3432
营业,3433
被迫,3434
鸡腿,3435
堂,3436
常,3437
夏,3438
松,3439
花名,3440
是不是,3441
明显,3442
标签,3443
头,3444
手指,3445
摄影师,3446
认成,3447
娃娃,3448
气人,3449
后台,3450
潘长江,3451
累,3452
老牌,3453
艺人,3454
长江,3455
一盆,3456
全家,3457
家用,3458
水洗,3459
洗澡,3460
鹤,3461
备,3462
不放,3463
严,3464
网易,3465
奥妙,3466
渍,3467
翡,3468
馋,3469
三只,3470
坚果,3471
松鼠,3472
冒,3473
泡,3474
体操,3475
广播体操,3476
万事,3477
有戏,3478
权益,3479
一动,3480
一动不动,3481
不动,3482
伴,3483
动不动,3484
岸边,3485
露,3486
合集,3487
宝藏,3488
咒,3489
术,3490
碧蓝,3491
航线,3492
樱,3493
告白,3494
大小,3495
小姐,3496
辉,3497
臾,3498
诗,3499
梦华,3500
女神,3501
新剧,3502
格子,3503
格子裙,3504
早餐,3505
看完,3506
问,3507
一元,3508
厨房,3509
夫妻,3510
家属,3511
开设,3512
患者,3513
抗癌,3514
香火,3515
向往,3516
心灵,3517
心灵鸡汤,3518
鸡汤,3519
宣言,3520
运势,3521
gct,3522
专用,3523
测,3524
海螺,3525
十七,3526
升,3527
如日方升,3528
征程,3529
日方,3530
前辈,3531
吧,3532
接招,3533
译制,3534
824,3535
发声,3536
扬,3537
页,3538
421,3539
分手,3540
志,3541
祥,3542
plus,3543
奇瑞,3544
汽车,3545
粤,3546
赵,3547
捡,3548
树枝,3549
猛男,3550
1024,3551
头像,3552
挂件,3553
亲爱,3554
日落,3555
次日,3556
这次,3557
密室,3558
逃脱,3559
变脸,3560
回复,3561
真,3562
财气,3563
一部,3564
一部分,3565
部分,3566
香港,3567
盗墓,3568
龙,3569
一日,3570
付出,3571
代价,3572
因为,3573
彩,3574
所付,3575
所以,3576
生命,3577
短,3578
积极,3579
随手,3580
航拍,3581
标准,3582
825,3583
初吻,3584
哪些,3585
气味,3586
特殊,3587
呜,3588
嗷,3589
绝,3590
装有,3591
Do,3592
 ,3593
人机,3594
克拉,3595
外滩,3596
无人机,3597
求婚,3598
哼哼,3599
哼唱,3600
唱法,3601
嗯,3602
ktv,3603
才艺,3604
艺都,3605
磊,3606
秋风,3607
秋风落叶,3608
自创,3609
落叶,3610
心情,3611
S10,3612
TES,3613
一出,3614
出线,3615
小组,3616
小组第一,3617
clearlove,3618
买单,3619
笑声,3620
茄子,3621
FPX,3622
LWX,3623
UZI,3624
宁王马,3625
默契,3626
2020LPL,3627
RNG,3628
iG,3629
宁,3630
竞春,3631
2021LPL,3632
V,3633
旺,3634
张天爱,3635
一直,3636
事儿,3637
大事,3638
大事儿,3639
居然,3640
终于,3641
节奏,3642
轮到,3643
wu2198,3644
Confucianism,3645
伍,3646
晶晶,3647
张靓颖,3648
-,3649
Yaoinging,3650
家具,3651
微云,3652
任侠,3653
射雕,3654
旭,3655
英雄传,3656
绝密,3657
道人,3658
风月,3659
魔女,3660
低头,3661
才能,3662
能乐,3663
育儿,3664
基元,3665
挂彩,3666
杨坤,3667
三重,3668
上三,3669
大王,3670
noretweet,3671
字幕,3672
ff14,3673
14,3674
幻想,3675
最终,3676
最终幻想,3677
传说,3678
塞尔,3679
塞尔达,3680
息,3681
旷野,3682
域,3683
绝对,3684
Video,3685
天师,3686
师大,3687
资讯,3688
私人,3689
音乐厅,3690
首歌,3691
2017,3692
东港,3693
九,3694
事件,3695
京报,3696
今日,3697
关于,3698
凌晨,3699
各项,3700
城区,3701
处理,3702
处置,3703
大气,3704
州市,3705
并,3706
恢复,3707
恢复正常,3708
情况,3709
情况通报,3710
持续,3711
指标,3712
改善,3713
正常,3714
泄漏,3715
泉,3716
泉州,3717
泉州市,3718
泉港区,3719
测站,3720
港,3721
港区,3722
港城,3723
漏处,3724
环保,3725
环保局,3726
监测,3727
监测站,3728
石化,3729
碳,3730
福建省,3731
空气,3732
自动,3733
通报,3734
倒车,3735
午间,3736
司机,3737
女司机,3738
料,3739
曝,3740
福州,3741
车技,3742
思想,3743
聚焦,3744
元,3745
牙膏,3746
春暖花开,3747
降临,3748
热门,3749
利亚,3750
多利,3751
多利亚,3752
秘密,3753
维多,3754
维多利,3755
维多利亚,3756
万州,3757
三峡,3758
乘客,3759
争执,3760
互殴,3761
公交,3762
公交车,3763
公布,3764
匣子,3765
因公,3766
失控,3767
市报,3768
快讯,3769
江原,3770
激烈,3771
车内,3772
车辆,3773
都市,3774
都市报,3775
附,3776
黑匣,3777
黑匣子,3778
（,3779
）,3780
9,3781
一断,3782
上岸,3783
优先,3784
全部,3785
击,3786
前方,3787
尊重,3788
开展,3789
急救,3790
打捞,3791
指挥,3792
指挥部,3793
搜寻,3794
数米,3795
断崖,3796
方案,3797
曝光,3798
根据,3799
正在,3800
正根,3801
水下,3802
潜水,3803
潜水员,3804
玻璃,3805
相关,3806
破碎,3807
窗玻璃,3808
米处,3809
细节,3810
进入,3811
遇难,3812
遇难者,3813
遗体,3814
难者,3815
音,3816
奔驰,3817
德斯,3818
梅赛德,3819
梅赛德斯,3820
赛德,3821
赛德斯,3822
出品,3823
剧社,3824
极,3825
女,3826
招募,3827
接,3828
表演,3829
出轨,3830
删,3831
溪,3832
称,3833
芷,3834
应节,3835
沁,3836
综指,3837
阿姨,3838
合照,3839
夫,3840
木,3841
聪,3842
传译,3843
同声,3844
同声传,3845
娱乐圈,3846
门槛,3847
最大,3848
圈内,3849
专家,3850
收视,3851
收视率,3852
贡献,3853
知名,3854
观众,3855
评级,3856
首,3857
reaction,3858
娟,3859
机位,3860
韩美,3861
中心,3862
国产,3863
研究,3864
哇,3865
唧,3866
唧唧,3867
婚纱,3868
婚纱照,3869
很熟,3870
看过,3871
韩剧,3872
？？,3873
嘟,3874
明为,3875
明明,3876
邵,3877
偶遇,3878
小青年,3879
瓜,3880
昙花,3881
昙花一现,3882
错爱,3883
首尔,3884
正面,3885
唐人,3886
唐人街,3887
探案,3888
迷,3889
速报,3890
六千,3891
六千元,3892
千元,3893
程昱,3894
Kill,3895
Love,3896
Me,3897
With,3898
Your,3899
⚔️,3900
嘎,3901
央视春晚,3902
彩排,3903
排,3904
联,3905
这周,3906
！！！,3907
克里,3908
克里斯,3909
克里斯托,3910
克里斯托弗,3911
卢,3912
斯托,3913
斯托弗,3914
普,3915
里斯,3916
里斯托,3917
默,3918
谦虚,3919
弹幕,3920
“,3921
”，,3922
、,3923
一些,3924
一夜,3925
一系,3926
一系列,3927
充满,3928
出于,3929
出处,3930
刷屏,3931
却,3932
寒冬,3933
尬,3934
影视业,3935
情节,3936
战神,3937
扮,3938
接下,3939
期,3940
未曾,3941
歪嘴,3942
猪,3943
直呼,3944
短视,3945
管,3946
系列,3947
约定,3948
袭,3949
负面,3950
这部,3951
遭遇,3952
晚节,3953
节目单,3954
ya,3955
冰莹,3956
一朵,3957
主题,3958
主题曲,3959
@,3960
CCTV,3961
伙伴,3962
同步,3963
周游,3964
学苑,3965
小伙,3966
小伙伴,3967
快来,3968
播出,3969
无畏,3970
武魂,3971
登陆,3972
逍遥,3973
逍遥游,3974
倦,3975
算数,3976
辙,3977
展台,3978
手册,3979
成,3980
梦醒,3981
毅,3982
炎,3983
南风,3984
知,3985
芒果,3986
来信,3987
灵,3988
飨,3989
链接,3990
打字,3991
打字速度,3992
HeyWarWars,3993
中文版,3994
文版,3995
细胞,3996
文学,3997
五周年,3998
传播,3999
外传,4000
武林,4001
南京大屠杀,4002
大屠杀,4003
屠杀,4004
每隔,4005
当时,4006
形容,4007
概括,4008
词,4009
词形,4010
震惊,4011
狂欢夜,4012
天使,4013
白衣,4014
白衣天使,4015
伊,4016
栎,4017
鑫,4018
两个,4019
明年,4020
荒,4021
解救,4022
感慨,4023
辛苦,4024
奥斯卡,4025
发音,4026
日报,4027
AK,4028
道歉信,4029
厌,4030
性别,4031
文化观,4032
暴力,4033
暴力事件,4034
观察,4035
观察室,4036
典藏,4037
曳影,4038
皮肤,4039
鸣,4040
DianeChicGang,4041
/,4042
嘟嘟,4043
抽,4044
胖嘟嘟,4045
三色,4046
偏光,4047
纤,4048
绵羊,4049
芙,4050
四团,4051
有点,4052
真皮,4053
可可,4054
颂,4055
二团,4056
妮弗,4057
珍妮,4058
珍妮弗,4059
宣布,4060
推,4061
永久,4062
特朗普,4063
移除,4064
账号,4065
葵,4066
珍贵,4067
人人,4068
模型,4069
益,4070
琪,4071
美丽,4072
项目,4073
愿,4074
添,4075
太冷,4076
幽默,4077
特工,4078
趣事,4079
百科,4080
笑话,4081
二胎,4082
全网,4083
上班族,4084
不多,4085
不少,4086
业余,4087
业余时间,4088
兴起,4089
利用,4090
加点,4091
后备,4092
后备箱,4093
地摊,4094
增加,4095
夜市,4096
差不多,4097
市民,4098
摆摊,4099
摊主,4100
摊位,4101
收入,4102
有时,4103
本来,4104
条件,4105
经济,4106
营业额,4107
郑州,4108
郑州市,4109
随着,4110
额外,4111
16,4112
旗舰,4113
健身,4114
夏季,4115
表示,4116
摸鱼,4117
突突,4118
bot,4119
发抖,4120
明言,4121
紧张,4122
有味,4123
自信,4124
交叉,4125
交叉点,4126
水平,4127
弄潮,4128
弄潮儿,4129
总管,4130
敢,4131
离开,4132
奇,4133
茶话,4134
茶话会,4135
钻,4136
凤梨,4137
蒸汽,4138
精神,4139
一个包,4140
不逊,4141
逊色,4142
说明,4143
说明书,4144
调皮,4145
对弈,4146
历代,4147
国历,4148
人影,4149
字幕组,4150
查,4151
盗版,4152
克斯,4153
画师,4154
皮克斯,4155
NintendoSpace,4156
万亩,4157
光头,4158
剃光头,4159
头式,4160
尕,4161
怂,4162
护林,4163
敦煌,4164
沙漠,4165
砍伐,4166
防护,4167
防护林,4168
嗑,4169
返工,4170
冲浪,4171
英国,4172
英国人,4173
选手,4174
驻外,4175
久,4176
洋,4177
东方,4178
东方卫,4179
人马,4180
原班,4181
原班人马,4182
秀才,4183
芙蓉,4184
敏,4185
涛,4186
飒,4187
vava,4188
出道,4189
回忆,4190
安逸,4191
大张,4192
大张伟,4193
换张,4194
门票,4195
Esquire,4196
MAHB,4197
咕,4198
咪,4199
汇,4200
潘玮柏,4201
艾伦,4202
音乐盛典,4203
北,4204
北能,4205
发话,4206
DL,4207
制作组,4208
屁话,4209
格格,4210
糗,4211
英文版,4212
还珠格格,4213
模仿,4214
下课,4215
价格,4216
化妆品,4217
眼色,4218
行事,4219
认知,4220
密码,4221
烦恼,4222
膝盖,4223
跳起,4224
政治,4225
物理化学,4226
理化,4227
选课,4228
值班,4229
监控,4230
rs,4231
专门,4232
也好,4233
好感,4234
工作人员,4235
意见,4236
热热,4237
热热闹闹,4238
真诚,4239
请教,4240
闹,4241
一吨,4242
盆栽,4243
毛病,4244
PD,4245
原,4246
奶,4247
牙,4248
甜辣,4249
辣妹,4250
小丑,4251
竟是,4252
MayDay,4253
安,4254
勾,4255
小S,4256
接吻,4257
杯,4258
蔡依林,4259
賣,4260
靠,4261
市集,4262
刚,4263
YouTube,4264
乱真,4265
以假乱真,4266
别说,4267
去逛,4268
店员,4269
戴,4270
效果,4271
看视,4272
老哥,4273
被骗,4274
逛街,4275
骗到,4276
iPhone,4277
一点,4278
一路,4279
使用,4280
唤起,4281
奸商,4282
好惨,4283
对于,4284
聊聊,4285
Northeway,4286
有毒,4287
介意,4288
同学,4289
AirPods,4290
Pro,4291
八点,4292
八点半,4293
年终,4294
年终总结,4295
转关,4296
！(=・ω・=),4297
清空,4298
购物,4299
购物车,4300
上个,4301
上去,4302
传递,4303
去年,4304
只能,4305
啤酒,4306
好喝,4307
好好,4308
屏幕,4309
崽儿,4310
欠下,4311
补上,4312
补上去,4313
许多,4314
转眼,4315
地狱,4316
打卡,4317
烂片,4318
别怪,4319
取闹,4320
奶茶,4321
无理取闹,4322
乔,4323
冲绳,4324
Nature,4325
摘要,4326
文摘,4327
期刊,4328
地震,4329
本地,4330
级,4331
Aya,4332
醒悟,4333
震后,4334
亲,4335
公民,4336
国公,4337
述,4338
震区,4339
Daily,4340
Wholesome,4341
garcon,4342
internet,4343
pdf,4344
仅供,4345
任何,4346
商业,4347
商业用途,4348
基因,4349
归,4350
本,4351
版权,4352
用途,4353
著作,4354
著作权,4355
著作权人,4356
货币,4357
鉴赏,4358
不在,4359
公共,4360
公共场所,4361
内外,4362
吸烟,4363
场所,4364
外公,4365
室内,4366
室内外,4367
车祸,4368
西,4369
土,4370
废,4371
滑板,4372
茅,4373
衣,4374
野,4375
ensemblestars,4376
祭,4377
娃,4378
纭,4379
国歌,4380
歌唱,4381
祖国,4382
一定,4383
下来,4384
丑,4385
只为,4386
定要,4387
改变,4388
瘦下来,4389
百,4390
答应,4391
遮,4392
歌声,4393
nba,4394
三度,4395
出战,4396
名人,4397
名人赛,4398
圣经,4399
柱,4400
餐,4401
减肥餐,4402
分裂,4403
精神分裂,4404
很瘦,4405
免疫,4406
养大,4407
合理,4408
增,4409
挑战,4410
膳食,4411
营养,4412
选择,4413
网易娱乐,4414
51job,4415
浓汤,4416
番茄,4417
节后,4418
卤味,4419
电饭锅,4420
饭锅,4421
侍卫,4422
温,4423
蒂,4424
。。。,4425
一季,4426
一晚,4427
二十,4428
二十多,4429
再剪,4430
助,4431
助兴,4432
十多个,4433
四十,4434
四十多,4435
四十多个,4436
多个,4437
多集,4438
想起,4439
抽筋,4440
新一季,4441
明天,4442
浓缩,4443
纠结,4444
缩到,4445
通宵,4446
88,4447
全席,4448
日食,4449
满汉,4450
满汉全席,4451
道菜,4452
互相,4453
挑毛病,4454
生就,4455
安徽,4456
白鹿原,4457
Fiona,4458
慕尼黑,4459
拜,4460
0517,4461
士力,4462
士力架,4463
神龙,4464
似,4465
如初,4466
汉服,4467
19371213,4468
73,4469
仅剩,4470
幸存,4471
幸存者,4472
四六,4473
四六级,4474
四级,4475
英语四,4476
试加,4477
管家,4478
航班,4479
菲,4480
0721,4481
三世,4482
三生,4483
十里,4484
风声,4485
之时,4486
EtherealSound,4487
818,4488
加盟,4489
大眼,4490
座位,4491
敬,4492
朵朵,4493
开饭,4494
舌尖,4495
青岛,4496
主厨,4497
全能,4498
所想,4499
诱惑,4500
私房,4501
各国,4502
国美,4503
学起,4504
上地,4505
菜谱,4506
医药,4507
医药费,4508
拳,4509
父亲,4510
生命线,4511
药费,4512
蓝色,4513
陪练,4514
馆,4515
冷,4516
住院,4517
冠军,4518
凑钱,4519
妻子,4520
废品,4521
欠费,4522
援,4523
滇,4524
百人,4525
WWF,4526
多样,4527
多样性,4528
生物,4529
——,4530
中华,4531
封面人物,4532
月刊,4533
面人,4534
13,4535
刷墙,4536
工地,4537
暑假,4538
濒危,4539
物种,4540
行动,4541
吹,4542
残,4543
怪兽,4544
电力,4545
全班同学,4546
室长,4547
李大嘴,4548
奇趣,4549
最渴,4550
渴望,4551
记录仪,4552
乌龙,4553
冰冰,4554
冰茶,4555
桃,4556
一届,4557
第一届,4558
精彩,4559
综,4560
翻天,4561
失手,4562
天方,4563
仿,4564
戏子,4565
妖,4566
妖怪,4567
bushi,4568
凶狠,4569
神探,4570
蜗牛,4571
and,4572
fire,4573
ice,4574
yourgirlye,4575
TheMrNICEGUY,4576
vines,4577
2018,4578
Aguas,4579
Borja,4580
Catanesi,4581
Dos,4582
Entre,4583
一名,4584
一段,4585
不住,4586
世界各地,4587
互动,4588
伦西亚,4589
几名,4590
出色,4591
吉他,4592
吉他手,4593
名曲,4594
在世,4595
坐不住,4596
并且,4597
弗拉,4598
弗拉门,4599
戈,4600
拉门,4601
收藏,4602
油管,4603
演出,4604
演奏,4605
点儿,4606
瓦伦西,4607
瓦伦西亚,4608
舞者,4609
舞蹈,4610
街头,4611
西亚,4612
幻视,4613
内设,4614
复古,4615
妙,4616
室内设计,4617
研,4618
美式,4619
戒,4620
执着,4621
擦,4622
LionGlede2018,4623
狮,4624
鸢,4625
多嫌,4626
嫌弃,4627
lolita,4628
lolitafashion,4629
装扮,4630
爬,4631
乳晕,4632
沉着,4633
漂,4634
色素,4635
华莱士,4636
射杀,4637
视角,4638
警方,4639
费城,4640
黑人,4641
在线,4642
护,4643
寻常,4644
市,4645
取名,4646
起名,4647
Ascendent0723,4648
出现,4649
参与,4650
屏,4651
征集,4652
有机,4653
机会,4654
短片,4655
竖,4656
伙子,4657
小伙子,4658
揣测,4659
疑问,4660
纷纷,4661
🎎🎎🎎,4662
内核,4663
圆圆,4664
复出,4665
高圆圆,4666
来源,4667
来源于,4668
毕,4669
源于,4670
网络,4671
飞回,4672
飞起,4673
驳回,4674
济学,4675
经济学,4676
绘,4677
认证,4678
鼠,4679
开水,4680
母猫,4681
浇,4682
烫,4683
胎死腹中,4684
腹中,4685
89,4686
一八,4687
九一八,4688
牢记,4689
战败,4690
投降,4691
纪念,4692
国联,4693
币,4694
比特,4695
法院,4696
美国,4697
美国联邦,4698
联邦,4699
三分,4700
三分钟,4701
全,4702
同胞,4703
哀悼,4704
抗击,4705
清明,4706
烈士,4707
牺牲,4708
疫情,4709
逝世,4710
默哀,4711
停运,4712
关闭,4713
暂停,4714
暂时,4715
汉,4716
运营,4717
通道,4718
A9VG,4719
天价,4720
嫁妆,4721
架飞机,4722
陪嫁,4723
下场,4724
以貌取人,4725
cp,4726
x,4727
魅影,4728
江湖,4729
盟主,4730
骑士,4731
养殖,4732
干什么,4733
荷兰,4734
荷兰豆,4735
↓（,4736
一条,4737
主动,4738
伸出,4739
及,4740
团队,4741
巡航,4742
布,4743
开大,4744
张开,4745
擦肩,4746
擦肩而过,4747
正大,4748
氏,4749
海面,4750
科研,4751
而过,4752
船,4753
过程,4754
这种,4755
靠近,4756
首次,4757
鲸,4758
鲸鱼,4759
0,4760
怨,4761
搜索,4762
肉,4763
菜单,4764
限时,4765
Scofield,4766
16000,4767
人头,4768
人头骨,4769
化石,4770
头骨,4771
骨化,4772
噜,4773
Hi,4774
光机,4775
刘亦菲,4776
旧,4777
运动,4778
运动装,4779
中营,4780
养猫,4781
袁隆平,4782
集中,4783
集中营,4784
一线,4785
公安,4786
漫画版,4787
举行,4788
全国性,4789
活动,4790
0818,4791
宾果,4792
消消,4793
ps,4794
…,4795
三位,4796
以及,4797
便当,4798
便当盒,4799
前天,4800
厨娘,4801
同,4802
哦,4803
慢,4804
我会,4805
曼,4806
款,4807
这条,4808
懒,4809
老公,4810
善,4811
猛,4812
阿南,4813
节操,4814
堀,4815
矢,4816
裕,4817
巨人,4818
进击,4819
并肩,4820
肩并肩,4821
劢,4822
劼,4823
杀青,4824
Fadeshion,4825
菜市,4826
菜市场,4827
褪,4828
U,4829
囧,4830
轶事,4831
下蛋,4832
母鸡,4833
暴露,4834
脏话,4835
飙,4836
国产电影,4837
海报,4838
电影海报,4839
喜脉,4840
脉,4841
收拾,4842
独特,4843
签收,4844
行李,4845
句,4846
不正,4847
不正经,4848
制片,4849
制片人,4850
安北,4851
考研,4852
VLOG,4853
娘,4854
竹子,4855
lalaland,4856
俄罗斯,4857
滑冰,4858
神童,4859
罗斯,4860
花样滑冰,4861
一条龙,4862
堂堂,4863
少年队,4864
撤退,4865
流出,4866
糖,4867
良,4868
行运,4869
视频流,4870
银河,4871
学长,4872
一体,4873
一体机,4874
作,4875
李润祺,4876
鼓手,4877
how,4878
like,4879
that,4880
you,4881
星球,4882
现任,4883
巡演,4884
FAMILY,4885
FOURTRY,4886
不用,4887
棒,4888
用工,4889
canotwait,4890
奇奇,4891
TommyStyle,4892
痛快,4893
倒霉,4894
各不相同,4895
大厂,4896
相同,4897
逃离,4898
肌肉,4899
肌肉男,4900
宁波,4901
海约,4902
写真集,4903
基,4904
好彩头,4905
彩头,4906
于洋,4907
剪辑,4908
＆,4909
侵犯,4910
海淀,4911
海淀区,4912
淀区,4913
隐私,4914
无职,4915
架,4916
生下,4917
转生,4918
tot,4919
乙,4920
棘,4921
DELUXE,4922
JO1,4923
STARLIGHT,4924
70,4925
Amu,4926
唱出,4927
年代,4928
无聊,4929
研究所,4930
侄子,4931
迎向,4932
不求,4933
不求人,4934
求人,4935
JUNZ,4936
举报,4937
书院,4938
南昌,4939
威胁,4940
死亡威胁,4941
豫章,4942
话筒,4943
z,4944
大仙,4945
张大,4946
指法,4947
芬芳,4948
80,4949
3500,4950
余座,4951
扩建,4952
p2,4953
不仅,4954
不仅仅,4955
仅仅,4956
价值,4957
做到,4958
区,4959
单纯,4960
地步,4961
多一点,4962
多数,4963
大多,4964
大多数,4965
望尘莫及,4966
绝大,4967
绝大多数,4968
而言,4969
莫及,4970
评论,4971
步,4972
hey,4973
kong,4974
侮辱,4975
档案,4976
档案馆,4977
气息,4978
活气,4979
生活气息,4980
展现,4981
展现出,4982
幕后,4983
现出,4984
理,4985
遗憾,4986
格,4987
部落,4988
图画,4989
涂画,4990
画图,4991
公会,4992
海贼,4993
海贼王,4994
王公,4995
GosleeeeeP,4996
学点,4997
技巧,4998
2020B,4999
RollingStone,5000
主角,5001
决斗,5002
家乡话,5003
挑战赛,5004
排上,5005
攻擂,5006
游戏王,5007
赛,5008
买卖,5009
2077,5010
朋克,5011
不择,5012
对局,5013
廷,5014
择食,5015
朴,5016
桓,5017
棋手,5018
棋院,5019
毛巾,5020
虐待,5021
韩国,5022
饥不择食,5023
韦,5024
世界冠军,5025
中国围棋,5026
中国围棋协会,5027
协会,5028
围棋,5029
送祝福,5030
五五,5031
五五开,5032
保姆,5033
瑶,5034
神鹿,5035
遇见,5036
队友,5037
黑,5038
派送,5039
Haru,5040
牛奶,5041
Betsy,5042
kookie,5043
柾,5044
诱发,5045
黄金,5046
🌱/🌿/💚/🧩,5047
借记,5048
借记卡,5049
Howie,5050
低调,5051
菌,5052
d,5053
咚,5054
董,5055
八,5056
蜀黍,5057
偷笑,5058
伊能静,5059
变形,5060
Chloe,5061
Chloesurfskate,5062
冲浪板,5063
奕,5064
浪板,5065
陆地,5066
抖,5067
答问,5068
肾,5069
一副,5070
够,5071
总是,5072
果,5073
活,5074
郡王,5075
lv,5076
母,5077
包里,5078
定会,5079
练,5080
胆,5081
车把,5082
天上,5083
家务,5084
最初,5085
懒人,5086
乐迷,5087
想见,5088
林俊杰,5089
迷迷,5090
求,5091
后裔,5092
一句,5093
何以,5094
惊蛰,5095
搜罗,5096
损友,5097
极品,5098
鞋带,5099
神奇,5100
一个家,5101
天一,5102
家居,5103
收,5104
物,5105
实用,5106
干货,5107
雪橇,5108
坏,5109
帝,5110
慈善,5111
莎,5112
胡椒,5113
S19,5114
赛季,5115
非人,5116
felltoyou,5117
凉,5118
薄,5119
0213,5120
墨宝,5121
写手,5122
反应,5123
时长,5124
真是,5125
糖葫芦,5126
最硬,5127
脚,5128
济南,5129
资源,5130
连音,5131
贰,5132
隔壁,5133
麻辣,5134
第,5135
：《,5136
关停,5137
虾米,5138
奇闻,5139
挖掘,5140
挖掘机,5141
十全,5142
十全大补,5143
财经,5144
透过,5145
首届,5146
挂钩,5147
教师,5148
教育局,5149
献血,5150
绩效,5151
两名,5152
化学奖,5153
学家,5154
科学家,5155
诺贝,5156
诺贝尔,5157
诺贝尔化学奖,5158
贝尔,5159
颁布,5160
Rittenhouse,5161
一级,5162
交代,5163
开枪,5164
故意,5165
目前,5166
被捕,5167
谋杀,5168
谋杀罪,5169
考语,5170
语文,5171
高考作文,5172
张文宏,5173
老实,5174
老实人,5175
兰新,5176
诺兰,5177
不屑,5178
孝,5179
循环,5180
慈,5181
热恋,5182
士,5183
字,5184
大神,5185
加码,5186
心愿,5187
嗓,5188
欧美,5189
米卡,5190
唱歌曲,5191
清唱,5192
丸,5193
前线,5194
值,5195
平,5196
之路,5197
伊拉,5198
化,5199
反派,5200
库,5201
抢先,5202
斑点,5203
斑点狗,5204
电影库,5205
经典,5206
走上,5207
迪士尼,5208
预告片,5209
首支,5210
唯美,5211
生动,5212
穿越,5213
大概,5214
有多深,5215
缘分,5216
强势,5217
踩,5218
国内,5219
听说,5220
肚子,5221
闹肚子,5222
太巧,5223
后果,5224
价,5225
支持,5226
有缘,5227
私信,5228
通话,5229
同人,5230
贺,5231
分不清,5232
发还,5233
染发,5234
葱,5235
各,5236
变成,5237
巨大,5238
猴子,5239
节奏感,5240
过节,5241
打工仔,5242
神笔,5243
几内亚,5244
博拉,5245
埃,5246
病例,5247
首批,5248
via,5249
刚果,5250
医务,5251
医务人员,5252
现代,5253
真事,5254
真人真事,5255
确诊,5256
纪实,5257
资料,5258
乐园,5259
佑,5260
童,5261
临近,5262
公约,5263
同时,5264
坚持,5265
户外,5266
收集,5267
数据,5268
服务队,5269
林芝,5270
深度,5271
清理,5272
积累,5273
详细,5274
调研,5275
进行,5276
野外,5277
饮料,5278
饮料瓶,5279
之前,5280
来说,5281
这期,5282
陌生,5283
保正,5284
大叔,5285
火大,5286
021,5287
体检,5288
告知,5289
婚前,5290
婚姻,5291
婚姻关系,5292
必要,5293
必要性,5294
患,5295
撤销,5296
未,5297
男方,5298
艾滋,5299
暖冬,5300
sarah,5301
聚会,5302
三双,5303
体育,5304
威,5305
连续,5306
河马,5307
调查,5308
调查组,5309
进驻,5310
阿里,5311
不二,5312
二日,5313
胃,5314
趣,5315
回顾,5316
比赛,5317
皇马,5318
集锦,5319
怀,5320
懋,5321
洪,5322
大师,5323
翘起,5324
调色,5325
起手,5326
CK,5327
NBD,5328
。（,5329
公干,5330
外文,5331
日式,5332
注意,5333
派遣,5334
解读,5335
鬼马,5336
；,5337
博物,5338
杂志,5339
行,5340
gl,5341
古风,5342
百合,5343
孽,5344
有声,5345
支,5346
收完,5347
末,5348
！👇👇👇,5349
啵,5350
脆,5351
芋,5352
恐,5353
表达,5354
AlwaysOnline,5355
乐,5356
影音,5357
春潮,5358
背,5359
名山,5360
拉面,5361
秋,5362
车神,5363
那么,5364
面貌,5365
吃饭,5366
婊,5367
柴,5368
犬,5369
一角,5370
出道时,5371
刚出道,5372
缺,5373
穿出,5374
大起大落,5375
平静,5376
房间,5377
整理,5378
落后,5379
讲,5380
贼,5381
甜酒,5382
嗓子,5383
音响,5384
77kuku77,5385
发送,5386
短信,5387
Pharaoh,5388
法老,5389
光彩,5390
跳跳,5391
友人,5392
打击,5393
降,5394
还以,5395
严谨,5396
老爸,5397
BKPP,5398
xql,5399
熊,5400
酒酿,5401
刀,5402
悍,5403
次,5404
游乐,5405
游乐场,5406
慵懒,5407
系,5408
三维,5409
ELLE,5410
机,5411
美颜,5412
编,5413
一瓶,5414
Head,5415
Lay,5416
On,5417
크러쉬[,5418
两米,5419
举手,5420
举手投足,5421
人偶,5422
媒体,5423
徜徉,5424
悠闲,5425
悠闲地,5426
投足,5427
旖旎,5428
明净,5429
查收,5430
河畔,5431
清澈,5432
画报,5433
目测,5434
自成,5435
街,5436
街道,5437
道旁,5438
闲地,5439
间,5440
风光旖旎,5441
LOL,5442
儿,5443
法,5444
新世界,5445
旅人,5446
>,5447
下载,5448
冒险,5449
最新,5450
~,5451
从头,5452
哪位,5453
尾,5454
整个,5455
不到,5456
偷拍,5457
婚外,5458
婚外情,5459
应取,5460
当事,5461
拘,5462
立案,5463
至今,5464
葛,5465
当事人,5466
ROSEONLY,5467
礼遇,5468
咩,5469
常见,5470
DIY,5471
婚后,5472
离婚,5473
芹,5474
初试,5475
即将,5476
复试,5477
成绩,5478
试成,5479
冰,5480
央视网,5481
奇观,5482
巩留,5483
新疆,5484
树,5485
湖,5486
湖面,5487
蝶,5488
视网,5489
交融,5490
冰水,5491
冰河,5492
壶口,5493
壶口瀑布,5494
新华,5495
新华网,5496
瀑布,5497
黄河,5498
黄河壶口瀑布,5499
禄,5500
0205,5501
不重,5502
十三,5503
土豆,5504
宽容,5505
男团,5506
晚八点,5507
独,5508
procreate,5509
商用,5510
笔,5511
素材,5512
滨江,5513
坐垫,5514
电子,5515
监视,5516
送电,5517
不点,5518
套餐,5519
赶走,5520
七,5521
花掉,5522
邪说,5523
反正,5524
20150331,5525
小马,5526
期货,5527
马甲,5528
做饭,5529
教学,5530
队长,5531
全集,5532
宫崎,5533
宫崎骏,5534
美味,5535
9gag,5536
八厂,5537
考古,5538
意识,5539
锦华,5540
Face,5541
Fuck,5542
Solo,5543
央,5544
!,5545
久违,5546
侦查,5547
侦查员,5548
依,5549
花里胡哨,5550
萍,5551
日子,5552
进厂,5553
spark,5554
不夜城,5555
司,5556
婉,5557
爆料,5558
挣钱,5559
男人,5560
超过,5561
克逊,5562
布兰,5563
布兰妮,5564
杰克,5565
杰克逊,5566
贾老板,5567
何用,5568
50,5569
国姓,5570
姓名,5571
报告,5572
新生儿,5573
最多,5574
生儿,5575
bananatube,5576
万种,5577
太原,5578
老太,5579
风情,5580
风情万种,5581
不然,5582
厚厚,5583
厚厚的,5584
垫,5585
带来,5586
有氧,5587
瑜伽,5588
盖住,5589
看不到,5590
腹肌,5591
腹部,5592
配合,5593
除了,5594
️,5595
jjjustin0219,5596
亲自,5597
心向,5598
怡,5599
平板,5600
俱乐部,5601
切尔,5602
切尔西,5603
尔西,5604
蓝桥,5605
举重,5606
残疾,5607
残疾人,5608
后患,5609
恶性,5610
恶性肿瘤,5611
男婴,5612
肿瘤,5613
安生,5614
单亲,5615
坚强,5616
撑起,5617
起家,5618
初六,5619
五字,5620
好奇,5621
鞭炮,5622
劈叉,5623
大自然,5624
小熊,5625
最好,5626
果然,5627
裁缝,5628
硬币,5629
除夕夜,5630
离谱,5631
忘记,5632
有关,5633
难忘,5634
凑热闹,5635
没事,5636
思路,5637
新思路,5638
砍价,5639
上辈,5640
上辈子,5641
壁虎,5642
局部,5643
猜,5644
听见,5645
昼夜,5646
连绵,5647
票,5648
锦衣,5649
锦衣卫,5650
LASER,5651
完美,5652
错,5653
M,5654
献礼,5655
叫醒,5656
督,5657
当真,5658
亭,5659
围,5660
以下,5661
以下犯上,5662
犯上,5663
灵犀,5664
职高,5665
校,5666
草,5667
倾,5668
后援,5669
后援会,5670
熠,5671
蒲,5672
樱花,5673
劳,5674
拉,5675
玩偶,5676
预约,5677
手记,5678
沿,5679
苏,5680
本期,5681
太炎,5682
販,5683
Lolita,5684
情书,5685
揪,5686
远洋,5687
+,5688
360,5689
三套,5690
份,5691
全年,5692
共,5693
各位,5694
地理,5695
家地,5696
提前,5697
升级,5698
合,5699
国旗,5700
71,5701
共庆,5702
Scott,5703
Travis,5704
空降,5705
熟透,5706
Christmas,5707
Last,5708
Swift,5709
Taylor,5710
一顶,5711
帽,5712
味蕾,5713
LeadWithLove,5714
始于,5715
倪,5716
斯事,5717
春兰,5718
春兰杯,5719
企业,5720
企业家,5721
生态,5722
论坛,5723
diss,5724
CJ,5725
周密,5726
精彩视频,5727
),5728
、“,5729
万元,5730
则,5731
前列,5732
医院,5733
受,5734
多万,5735
多万元,5736
总队,5737
排名,5738
效率,5739
斯坦福,5740
无济于事,5741
时机,5742
武警,5743
武警北京总队,5744
求医,5745
治疗,5746
滑膜,5747
生前,5748
疗法,5749
百度搜,5750
看到,5751
肉瘤,5752
花费,5753
财,5754
贻误,5755
身患,5756
通过,5757
高效,5758
高效率,5759
鼓吹,5760
RogerVivier,5761
NYLONRADAR,5762
童谣,5763
海獭,5764
震撼,5765
旗袍,5766
赠书,5767
Shine,5768
Vol,5769
帐,5770
03,5771
她们,5772
拿出,5773
Echo,5774
Lee1,5775
vx,5776
优惠,5777
博文,5778
发至,5779
叠加,5780
想要,5781
或,5782
组团,5783
万份,5784
备货,5785
实物,5786
客,5787
年纪,5788
待发,5789
探秘,5790
整装,5791
整装待发,5792
独家,5793
礼品,5794
纪念币,5795
还有,5796
钢琴,5797
一周,5798
一周年,5799
方舟,5800
1031,5801
万圣,5802
党员,5803
电锯,5804
悠,5805
】。,5806
主持,5807
主持人,5808
亮点,5809
伯,5810
可看,5811
名物,5812
四个,5813
因斯,5814
坦,5815
广义,5816
晚间,5817
格林,5818
爱因斯坦,5819
物理学,5820
物理学家,5821
理学,5822
理学家,5823
相对,5824
相对论,5825
科尔,5826
脱口,5827
脱口秀,5828
著名,5829
一盒,5830
2333,5831
一首,5832
一首歌,5833
距离,5834
陪伴,5835
人形,5836
小品,5837
形象,5838
赵丽蓉,5839
难过,5840
左右,5841
晃,5842
秋千,5843
前沿,5844
666,5845
K12,5846
檬,5847
联想,5848
右,5849
国大,5850
大选,5851
左,5852
复工,5853
正式,5854
专辑,5855
哑,5856
夜星,5857
媽,5858
愛,5859
星辰,5860
昨夜,5861
曲,5862
零,5863
纪,5864
分为,5865
庆生,5866
yuzu61,5867
侧,5868
大吉,5869
型,5870
手绢,5871
梦游,5872
非梦,5873
JUMP,5874
big,5875
pear,5876
本身,5877
黎,5878
🧀,5879
插画,5880
本土,5881
励志,5882
渝,5883
军人,5884
粉丝团,5885
不关,5886
失职,5887
群,5888
守望,5889
己身,5890
拍去,5891
草字,5892
不感兴趣,5893
兴趣,5894
发言,5895
完全,5896
感兴,5897
感兴趣,5898
有钱人,5899
几,5900
犊,5901
2014,5902
亮,5903
导演,5904
很少,5905
拿到,5906
竹内,5907
看清,5908
黑子,5909
国教,5910
国籍,5911
改成,5912
朝鲜,5913
朝鲜族,5914
诗人,5915
骁,5916
专线,5917
观,5918
小视,5919
小视频,5920
甜点,5921
天天见,5922
127,5923
制造,5924
毛泽东,5925
诞辰,5926
两周,5927
两周年,5928
逆水,5929
⬇️,5930
二场,5931
传送,5932
传送门,5933
场主,5934
建议,5935
开启,5936
本条,5937
点击,5938
第二场,5939
指,5940
迎春,5941
迎春会,5942
孙红雷,5943
扒,5944
杂货,5945
杂货铺,5946
麻团,5947
拖延,5948
深渊,5949
物资,5950
咸,5951
糖果,5952
齁,5953
五位,5954
信息,5955
出门,5956
发货,5957
只有,5958
哟,5959
天然,5960
学到,5961
当然,5962
恰,5963
报名,5964
拐,5965
昨天,5966
歪,5967
猫头,5968
猫头鹰,5969
白饭,5970
胃酸,5971
越学越,5972
随机,5973
我心,5974
23,5975
内含,5976
求子,5977
重金,5978
鉴定,5979
某,5980
朔,5981
澎湃,5982
一打,5983
中招,5984
今年过年,5985
原以,5986
原以为,5987
吐苦水,5988
复发,5989
大型,5990
尤其,5991
每次,5992
流感,5993
简直,5994
能带,5995
苦水,5996
高发,5997
高发期,5998
！】,5999
别的,6000
周树人,6001
树人,6002
夜行,6003
草裙舞,6004
不在话下,6005
出去,6006
成功,6007
战成,6008
揭晓,6009
操作,6010
正向,6011
派,6012
能否,6013
豁出,6014
豁出去,6015
轻盈,6016
成为,6017
睡衣,6018
养生,6019
喝,6020
芯,6021
乐儿,6022
儿童,6023
娘娘,6024
15,6025
上课,6026
上课时,6027
不良,6028
两年,6029
中学,6030
内容,6031
发表,6032
取消,6033
奖评,6034
宁县,6035
宁夏,6036
年内,6037
抑郁,6038
报批,6039
报称,6040
指责,6041
授课,6042
教体局,6043
教学内容,6044
永宁,6045
永宁县,6046
浏览,6047
糊,6048
经查,6049
网名,6050
网站,6051
老师上课,6052
评优,6053
评奖,6054
课时,6055
课期,6056
资格,6057
辱骂,6058
通报批评,6059
银川,6060
骂,6061
三月,6062
十年,6063
晞,6064
舜,6065
EL,6066
汀,6067
华人,6068
杨千嬅,6069
HighLife,6070
九州,6071
漫游,6072
萤火,6073
萤火虫,6074
裳,6075
729,6076
保证,6077
全过程,6078
公平,6079
大帅,6080
奖项,6081
工场,6082
形式,6083
荣誉奖,6084
评委,6085
评选,6086
说好,6087
赛事,6088
sellsexy,6089
反感,6090
孔雀,6091
xiaolugemm,6092
余,6093
女性,6094
独立,6095
克星,6096
键盘,6097
疏影,6098
十三姨,6099
有料,6100
小羊,6101
粪青,6102
资深,6103
不得不,6104
有时候,6105
主子,6106
丹参,6107
枸杞,6108
漂儿,6109
铁岭,6110
牛角,6111
记得,6112
册,6113
烫金,6114
真爱,6115
不愧,6116
扒皮,6117
导,6118
导报,6119
经,6120
苟,6121
真多,6122
联播,6123
恐龙,6124
↓,6125
名家,6126
尽,6127
戏曲,6128
曲艺,6129
段,6130
百花,6131
百花园,6132
盛世,6133
盛宴,6134
花园,6135
荟萃,6136
梨园,6137
不服,6138
泷,6139
璟,6140
仔,6141
小可,6142
小可爱,6143
绝世,6144
DC,6145
影片,6146
报道,6147
叉,6148
0131,6149
珍藏,6150
藏画,6151
吉祥,6152
吉祥如意,6153
爱情片,6154
第八,6155
辑,6156
LANCOME,6157
帮助,6158
心智,6159
智障,6160
障碍,6161
障碍者,6162
小耳朵,6163
合合,6164
合家,6165
合家欢,6166
太合,6167
太弱,6168
',6169
GIRLFRIEND,6170
She,6171
her,6172
s,6173
nIA,6174
加糖,6175
糖酒,6176
糖酒会,6177
酒会,6178
镐,6179
人格,6180
荔枝,6181
讨好,6182
91,6183
打破,6184
短跑,6185
纪录,6186
合体,6187
NBA,6188
决赛,6189
勇,6190
大战,6191
总决赛,6192
尼玛,6193
主人,6194
劝,6195
人民日报,6196
哽咽,6197
桂,6198
梅,6199
获颁,6200
下面,6201
关键,6202
关键词,6203
大放,6204
大放送,6205
应大,6206
放送,6207
观看,6208
红门,6209
上方,6210
大侠,6211
扶手,6212
驾驶,6213
小惠,6214
代码,6215
码表,6216
遗物,6217
平时,6218
mhmh,6219
mhnh,6220
一开,6221
俩,6222
典礼,6223
团建,6224
小花,6225
开口,6226
打游戏,6227
拍拍,6228
排排,6229
排走,6230
直觉,6231
藏不住,6232
虽然,6233
颁奖典礼,6234
伊利,6235
欢笑,6236
百家,6237
聚,6238
代,6239
優,6240
錶,6241
solo,6242
创编,6243
航,6244
太久,6245
好听,6246
山东,6247
彭,6248
晏,6249
！！！！,6250
！！！！！,6251
TV,6252
合出,6253
联合,6254
👉,6255
烦,6256
汤圆,6257
Schoolgirlbyebye,6258
剩,6259
果地,6260
VoiceLab,6261
voice,6262
場,6263
現,6264
二丁,6265
目,6266
一箱,6267
养乐多,6268
侅,6269
扉,6270
乌有,6271
eva,6272
世纪,6273
嗣,6274
战士,6275
新世纪,6276
福音,6277
福音战士,6278
薰,6279
83,6280
树洞,6281
羊肉,6282
羊肉串,6283
剧中,6284
可不,6285
笑场,6286
All,6287
但,6288
啊啊啊,6289
得出,6290
接机,6291
模糊,6292
看得,6293
看得出,6294
看得出来,6295
公鸡,6296
大公,6297
大公鸡,6298
老友,6299
随笔,6300
扑,6301
步行,6302
步行街,6303
虎,6304
miruku,6305
莓,6306
人体,6307
奥秘,6308
画集,6309
大黄,6310
大黄蜂,6311
黄蜂,6312
fittime,6313
世界杯,6314
备战,6315
教室,6316
排骨,6317
HIIT,6318
体健,6319
燃烧,6320
美体,6321
高速,6322
咲,6323
宮,6324
脇,6325
胁,6326
兔,6327
流,6328
米,6329
或者,6330
阿拜,6331
不开,6332
燕子,6333
上司,6334
带去,6335
开房,6336
棉花,6337
花糖,6338
狮子,6339
YOGA,6340
言联想,6341
2022,6342
冬奥,6343
冬奥会,6344
报体,6345
OFFICIAL,6346
YIBO,6347
属,6348
40,6349
一遍,6350
分理,6351
前半,6352
前半部,6353
半部,6354
实,6355
尝试,6356
很大,6357
按照,6358
有效,6359
理论,6360
相信,6361
经常,6362
能用,6363
蒙,6364
讲解,6365
费,6366
非常,6367
鼻塞,6368
变小,6369
五条,6370
悟,6371
保佑,6372
拼出,6373
大地,6374
汶川,6375
内侧,6376
大腿,6377
教练,6378
瘦大腿,6379
赘肉,6380
阿蒙,6381
